{
    "loss": 4.136855602264404,
    "accuracy": 0.6272040009498596
}