{
    "loss": 0.49670496582984924,
    "accuracy": 0.9482758641242981
}