{
    "loss": 18.897794723510742,
    "accuracy": 0.3425692617893219
}