{
    "loss": 0.9534193277359009,
    "accuracy": 0.8275862336158752
}